,xAxis,yAxis
0,0.01,33.89144307448419
1,0.02,43.70684501751324
2,0.030000000000000002,48.787578493059506
3,0.04,51.84818843791601
4,0.05,53.67175694307832
5,0.060000000000000005,54.69940893292708
6,0.07,55.22321956438117
7,0.08,55.43879990365727
8,0.09000000000000001,55.47492805742041
9,0.1,55.41461543174842
